,Date,Mid,Volume
59,2000-01-14,1450.04,5169700000.0
223,2000-01-21,1452.125,4455000000.0
220,2000-01-28,1405.145,5532100000.0
354,2000-02-04,1393.025,5205000000.0
76,2000-02-11,1411.72,5100800000.0
80,2000-02-18,1376.5199499999999,5115300000.0
499,2000-02-25,1349.63,4253900000.0
545,2000-03-03,1367.97495,5853800000.0
823,2000-03-10,1380.04,5807900000.0
824,2000-03-17,1417.1599999999999,6190300000.0
878,2000-03-24,1499.4650499999998,5192200000.0
402,2000-03-31,1504.63,5342800000.0
345,2000-04-07,1471.43,5547060000.0
578,2000-04-14,1433.29495,5312700000.0
959,2000-04-20,1397.0949500000002,4211700000.0
482,2000-04-28,1445.0349500000002,5035000000.0
628,2000-05-05,1439.935,4700700000.0
400,2000-05-12,1403.8850000000002,4502400000.0
116,2000-05-19,1436.0700000000002,4292200000.0
273,2000-05-26,1386.37,4598300000.0
256,2000-06-02,1430.625,3927200000.0
893,2000-06-09,1466.01,4283600000.0
941,2000-06-16,1463.0,4901900000.0
884,2000-06-23,1463.6201,4833100000.0
510,2000-06-30,1451.13,5597200000.0
802,2000-07-07,1461.8400499999998,3350200000.0
723,2000-07-14,1490.2350000000001,4807800000.0
88,2000-07-21,1497.6149500000001,4756600000.0
85,2000-07-28,1449.8850000000002,5221900000.0
112,2000-08-04,1440.82005,4937400000.0
808,2000-08-11,1471.6950499999998,4677300000.0
811,2000-08-18,1484.01505,4353300000.0
529,2000-08-25,1501.495,3944100000.0
781,2000-09-01,1515.09,4171900000.0
853,2000-09-08,1505.325,3780100000.0
2,2000-09-15,1483.49,5241200000.0
259,2000-09-22,1444.825,5382300000.0
543,2000-09-29,1440.5649,5667000000.0
686,2000-10-06,1425.94,5642900000.0
9,2000-10-13,1368.3849500000001,5760600000.0
699,2000-10-20,1357.13,6083900000.0
359,2000-10-27,1376.72505,5911100000.0
920,2000-11-03,1405.13,5925100000.0
639,2000-11-10,1402.2150000000001,4794600000.0
70,2000-11-17,1362.29,5341600000.0
496,2000-11-24,1344.805,3460970000.0
369,2000-12-01,1328.7,4758130000.0
373,2000-12-08,1345.28,5888900000.0
916,2000-12-15,1347.2150000000001,6103300000.0
780,2000-12-22,1300.2549,6473400000.0
775,2000-12-29,1320.87,3950000000.0
245,2001-01-05,1312.4299999999998,6571900000.0
932,2001-01-12,1304.75,6290500000.0
748,2001-01-19,1333.94,5407600000.0
771,2001-01-26,1351.795,6061600000.0
717,2001-02-02,1366.045,5665400000.0
715,2001-02-09,1336.7649999999999,5413600000.0
244,2001-02-16,1314.90005,5675500000.0
125,2001-02-23,1261.29995,4917900000.0
246,2001-03-02,1243.63,6059100000.0
241,2001-03-09,1247.92,5353200000.0
931,2001-03-16,1191.0300000000002,6790360000.0
597,2001-03-23,1130.875,6797250000.0
386,2001-03-30,1159.8049999999998,6276900000.0
646,2001-04-06,1130.75,6701390000.0
778,2001-04-12,1154.9450000000002,4804700000.0
841,2001-04-20,1210.545,6767900000.0
828,2001-04-27,1230.22495,5869200000.0
516,2001-05-04,1252.46505,6010300000.0
189,2001-05-11,1255.395,5050600000.0
122,2001-05-18,1268.75,5821700000.0
31,2001-05-25,1296.17505,5498900000.0
46,2001-06-01,1262.19,4426200000.0
43,2001-06-08,1271.4899999999998,4831000000.0
481,2001-06-15,1233.995,5948650000.0
924,2001-06-22,1223.975,6382620000.0
484,2001-06-29,1220.9650000000001,6570760000.0
285,2001-07-06,1214.26,3742010000.0
57,2001-07-13,1193.5,6209300000.0
696,2001-07-20,1210.5900000000001,6108600000.0
697,2001-07-27,1190.38,5695500000.0
137,2001-08-03,1213.3400000000001,5536800000.0
525,2001-08-10,1191.9499999999998,5013400000.0
506,2001-08-17,1177.42995,4897500000.0
666,2001-08-24,1169.245,5079300000.0
944,2001-08-31,1155.86,4870500000.0
537,2001-09-07,1118.76,5346800000.0
636,2001-09-10,1085.04495,1276600000.0
608,2001-09-21,1018.645,10423890000.0
509,2001-09-28,1003.36995,7978000000.0
623,2001-10-05,1055.44,7026800000.0
488,2001-10-12,1075.96,6555180000.0
362,2001-10-19,1082.1799999999998,6245200000.0
254,2001-10-26,1088.125,6368100000.0
152,2001-11-02,1079.11,6195300000.0
149,2001-11-09,1111.475,6646300000.0
419,2001-11-16,1123.29995,6597000000.0
507,2001-11-23,1141.115,4086600000.0
843,2001-11-30,1144.4450000000002,6560800000.0
261,2001-12-07,1149.6999999999998,7022800000.0
227,2001-12-14,1136.42005,6853900000.0
624,2001-12-21,1137.54995,7283800000.0
299,2001-12-28,1154.63,3024470000.0
606,2002-01-04,1156.3899999999999,5026500000.0
889,2002-01-11,1161.21,6530000000.0
883,2002-01-18,1136.63005,6869200000.0
513,2002-01-25,1128.46505,5688700000.0
210,2002-02-01,1110.145,7942600000.0
804,2002-02-08,1099.99,7695200000.0
284,2002-02-15,1109.70005,6101200000.0
574,2002-02-22,1089.27005,5421400000.0
638,2002-03-01,1110.815,6919100000.0
906,2002-03-08,1151.84505,7614300000.0
334,2002-03-15,1162.02,6571300000.0
376,2002-03-22,1156.70995,6311900000.0
377,2002-03-28,1143.03,4609200000.0
668,2002-04-05,1133.665,5841300000.0
594,2002-04-12,1117.0900000000001,6566300000.0
163,2002-04-19,1116.205,6382900000.0
12,2002-04-26,1100.7400499999999,6835100000.0
635,2002-05-03,1077.44,7043200000.0
910,2002-05-10,1068.94,6304200000.0
631,2002-05-17,1080.245,6454300000.0
340,2002-05-24,1091.115,5404900000.0
805,2002-05-31,1070.12,4642200000.0
263,2002-06-07,1041.615,7033800000.0
948,2002-06-14,1010.335,7188820000.0
669,2002-06-21,1013.24,6652700000.0
676,2002-06-28,979.4,9106190000.0
26,2002-07-05,964.665,5475700000.0
834,2002-07-12,947.25,8038080000.0
161,2002-07-19,884.2950000000001,11375400000.0
445,2002-07-26,814.905,11685440000.0
453,2002-08-02,882.24,8864400000.0
449,2002-08-09,873.695,7371600000.0
888,2002-08-16,905.79,6638400000.0
912,2002-08-23,946.105,6405900000.0
128,2002-08-30,929.575,5672200000.0
197,2002-09-06,893.2850000000001,5247700000.0
927,2002-09-13,900.535,5626200000.0
401,2002-09-20,870.885,7267800000.0
240,2002-09-27,836.99,7860140000.0
302,2002-10-04,823.015,8682100000.0
553,2002-10-11,805.95,9344320000.0
559,2002-10-18,857.525,7944790000.0
480,2002-10-25,888.0,7631070000.0
398,2002-11-01,887.675,7426300000.0
698,2002-11-08,908.64,7587400000.0
438,2002-11-15,891.13,6872600000.0
167,2002-11-22,915.185,8179200000.0
164,2002-11-29,926.96,5111360000.0
641,2002-12-06,925.12,7180600000.0
747,2002-12-13,900.355,6478600000.0
757,2002-12-20,895.77,7138230000.0
56,2002-12-27,888.755,3049910000.0
822,2003-01-03,890.35,4506300000.0
415,2003-01-10,920.605,7494400000.0
541,2003-01-17,917.035,7100600000.0
290,2003-01-24,882.855,6215350000.0
487,2003-01-31,854.53,7579230000.0
139,2003-02-07,845.6700000000001,6868600000.0
407,2003-02-14,824.655,6699600000.0
664,2003-02-21,842.175,4918700000.0
660,2003-02-28,833.355,6748400000.0
897,2003-03-07,831.7850000000001,6465900000.0
615,2003-03-14,815.145,7660900000.0
911,2003-03-21,861.535,8051730000.0
563,2003-03-28,876.94,6406000000.0
612,2003-04-04,864.785,7127600000.0
891,2003-04-11,883.825,6440000000.0
458,2003-04-17,882.535,5609400000.0
81,2003-04-25,903.22,7401000000.0
852,2003-05-02,914.685,7538910000.0
847,2003-05-09,929.665,7333500000.0
556,2003-05-16,938.9749999999999,7212900000.0
933,2003-05-23,928.175,6988300000.0
91,2003-05-30,946.355,6465600000.0
92,2003-06-06,985.6400000000001,8261700000.0
265,2003-06-13,987.665,6927100000.0
956,2003-06-20,1001.97,7542600000.0
955,2003-06-27,984.745,6900800000.0
156,2003-07-03,978.55,5342600000.0
846,2003-07-11,997.03,7291200000.0
849,2003-07-18,997.005,7656100000.0
744,2003-07-25,987.26,7013100000.0
720,2003-08-01,991.725,7228000000.0
714,2003-08-08,973.2950000000001,6637300000.0
276,2003-08-15,983.355,5186470000.0
737,2003-08-22,1000.8399999999999,6355000000.0
130,2003-08-29,996.21,5312100000.0
247,2003-09-05,1017.535,6065200000.0
929,2003-09-12,1020.0600000000001,6868800000.0
926,2003-09-19,1026.94,6910110000.0
595,2003-09-26,1016.19,7139000000.0
535,2003-10-03,1014.8350499999999,7363100000.0
238,2003-10-10,1037.275,6254600000.0
678,2003-10-17,1045.17995,6603200000.0
183,2003-10-24,1033.44495,7342400000.0
871,2003-10-31,1041.0,7692200000.0
591,2003-11-07,1053.6350000000002,7092000000.0
115,2003-11-14,1053.555,6494500000.0
388,2003-11-21,1040.775,6655300000.0
390,2003-11-28,1047.955,4221420000.0
280,2003-12-05,1066.25,6928900000.0
5,2003-12-12,1064.085,6792600000.0
922,2003-12-19,1079.5300499999998,7747600000.0
692,2003-12-26,1092.305,3271130000.0
253,2004-01-02,1107.37,4252100000.0
258,2004-01-09,1120.2,8366700000.0
505,2004-01-16,1127.5099500000001,8036800000.0
795,2004-01-23,1142.565,6710700000.0
936,2004-01-30,1138.88,8552600000.0
705,2004-02-06,1133.6149500000001,7755100000.0
444,2004-02-13,1148.795,7200200000.0
756,2004-02-20,1148.99,5821300000.0
289,2004-02-27,1143.0551,7209000000.0
914,2004-03-05,1153.505,6971600000.0
228,2004-03-12,1132.90495,7680600000.0
231,2004-03-19,1114.185,7418000000.0
406,2004-03-26,1101.2150000000001,7229100000.0
53,2004-04-02,1126.4351,7488500000.0
807,2004-04-08,1142.54495,5470000000.0
351,2004-04-16,1134.2649999999999,7129800000.0
634,2004-04-23,1129.4,7664300000.0
905,2004-04-30,1126.89505,8157900000.0
252,2004-05-07,1113.185,7865600000.0
789,2004-05-14,1089.54495,7896800000.0
945,2004-05-21,1092.64505,6801300000.0
833,2004-05-28,1107.345,6762700000.0
806,2004-06-04,1121.24495,4837400000.0
526,2004-06-10,1132.34005,4839500000.0
530,2004-06-18,1130.56,6491000000.0
374,2004-06-25,1135.355,7158200000.0
339,2004-07-02,1133.63005,6784100000.0
44,2004-07-09,1117.0500000000002,5199300000.0
326,2004-07-16,1110.33495,6635300000.0
583,2004-07-23,1099.91505,7463500000.0
863,2004-07-30,1091.255,7406800000.0
838,2004-08-06,1085.415,6901900000.0
550,2004-08-13,1069.88,6322200000.0
303,2004-08-20,1082.53,6205800000.0
86,2004-08-27,1101.25,5175600000.0
907,2004-09-03,1107.76,5165970000.0
898,2004-09-10,1119.44,5093200000.0
896,2004-09-17,1124.97995,6296800000.0
83,2004-09-24,1119.795,6444200000.0
511,2004-10-01,1116.4650000000001,7393200000.0
514,2004-10-08,1131.11995,7108200000.0
787,2004-10-15,1114.53505,6944700000.0
98,2004-10-22,1106.105,7939100000.0
743,2004-10-29,1110.845,7936800000.0
323,2004-11-05,1149.235,8329500000.0
45,2004-11-12,1173.24495,7238400000.0
47,2004-11-19,1178.8249500000002,7485200000.0
857,2004-11-26,1177.255,4475180000.0
77,2004-12-03,1184.915,8046400000.0
123,2004-12-10,1183.1,7481900000.0
120,2004-12-17,1197.9850000000001,8805200000.0
282,2004-12-23,1203.51,5253400000.0
533,2004-12-31,1211.125,4447600000.0
711,2005-01-07,1199.98,8017700000.0
450,2005-01-14,1185.21,7387000000.0
296,2005-01-21,1181.89995,6431000000.0
293,2005-01-28,1170.625,7983300000.0
313,2005-02-04,1187.415,8126140000.0
894,2005-02-11,1199.96,7328450000.0
701,2005-02-18,1204.8949499999999,7438680000.0
37,2005-02-25,1198.1550000000002,6288460000.0
716,2005-03-04,1211.4450000000002,8325140000.0
774,2005-03-11,1213.63,7770730000.0
750,2005-03-18,1196.6599999999999,8530450000.0
184,2005-03-24,1179.1750000000002,7902500000.0
821,2005-04-01,1176.74495,10449500000.0
827,2005-04-08,1179.8000000000002,9309920000.0
769,2005-04-15,1166.045,10599880000.0
396,2005-04-22,1148.0500000000002,10894860000.0
782,2005-04-29,1151.99495,10450920000.0
607,2005-05-06,1166.665,10157840000.0
357,2005-05-13,1162.52505,9765530000.0
213,2005-05-20,1172.43,9418050000.0
205,2005-05-27,1192.7600499999999,8139890000.0
157,2005-06-03,1198.335,7092090000.0
275,2005-06-10,1199.9699999999998,8602280000.0
298,2005-06-17,1207.03,9383350000.0
566,2005-06-24,1205.52,9707200000.0
367,2005-07-01,1196.1849499999998,8983620000.0
372,2005-07-08,1198.1399999999999,7542540000.0
97,2005-07-15,1222.51,9355920000.0
783,2005-07-22,1228.84505,9583550000.0
777,2005-07-29,1236.65,9388840000.0
269,2005-08-05,1235.7399999999998,9671470000.0
523,2005-08-12,1232.6799500000002,9524840000.0
518,2005-08-19,1226.0850500000001,8609400000.0
799,2005-08-26,1216.595,8342950000.0
52,2005-09-02,1214.17995,9751450000.0
49,2005-09-09,1230.575,7947730000.0
745,2005-09-16,1233.725,11238970000.0
679,2005-09-23,1221.63,11341680000.0
18,2005-09-30,1220.33995,10379110000.0
151,2005-10-07,1207.63,11903800000.0
842,2005-10-14,1182.3600000000001,11526400000.0
560,2005-10-21,1183.925,12043340000.0
555,2005-10-28,1191.45,11752780000.0
825,2005-11-04,1211.555,12440550000.0
604,2005-11-11,1225.375,10318690000.0
133,2005-11-18,1237.995,11132060000.0
741,2005-11-25,1258.77,7119110000.0
147,2005-12-02,1258.91495,11400340000.0
153,2005-12-09,1261.9,10605000000.0
840,2005-12-16,1265.6599999999999,11176870000.0
251,2005-12-23,1263.8600000000001,9444980000.0
411,2005-12-30,1259.21,5788870000.0
515,2006-01-06,1265.915,9949800000.0
786,2006-01-13,1288.8400000000001,11605560000.0
106,2006-01-20,1274.355,9703000000.0
102,2006-01-27,1272.9,12962250000.0
319,2006-02-03,1274.47995,12427960000.0
739,2006-02-10,1264.08505,11687560000.0
738,2006-02-17,1273.905,10985360000.0
917,2006-02-24,1287.75,8403920000.0
489,2006-03-03,1288.1149500000001,11302040000.0
190,2006-03-10,1278.325,11254670000.0
32,2006-03-17,1296.0149999999999,11370400000.0
257,2006-03-24,1303.34505,10471020000.0
462,2006-03-31,1300.995,10853090000.0
349,2006-04-07,1304.125,11425910000.0
915,2006-04-13,1291.85,7961240000.0
753,2006-04-21,1299.45,11742950000.0
749,2006-04-28,1305.80495,12178330000.0
428,2006-05-05,1314.995,11961950000.0
759,2006-05-12,1308.54,11676630000.0
693,2006-05-19,1277.08,13241860000.0
51,2006-05-26,1262.94,12564040000.0
148,2006-06-02,1275.03005,9524050000.0
165,2006-06-09,1261.6700500000002,13413080000.0
420,2006-06-16,1238.9650000000001,13689640000.0
454,2006-06-23,1247.565,11276830000.0
182,2006-06-30,1256.945,11838010000.0
770,2006-07-07,1271.755,7276850000.0
84,2006-07-14,1251.25505,11428770000.0
248,2006-07-21,1243.5500499999998,12379810000.0
243,2006-07-28,1260.335,12801490000.0
268,2006-08-04,1279.315,12859150000.0
952,2006-08-11,1272.52,11465410000.0
876,2006-08-18,1284.4850000000001,11498940000.0
796,2006-08-25,1296.15495,9159550000.0
472,2006-09-01,1303.0,9764390000.0
477,2006-09-08,1303.4,8903090000.0
558,2006-09-15,1307.79005,13444480000.0
41,2006-09-22,1319.73495,12049320000.0
39,2006-09-29,1325.9299999999998,12804030000.0
387,2006-10-06,1340.445,13197290000.0
648,2006-10-13,1355.09995,11829580000.0
810,2006-10-20,1364.87,12630620000.0
809,2006-10-27,1376.69495,13562660000.0
588,2006-11-03,1371.4650000000001,13460540000.0
332,2006-11-10,1376.595,13287010000.0
949,2006-11-17,1391.28,13806780000.0
50,2006-11-24,1402.87,8214910000.0
28,2006-12-01,1392.065,14949140000.0
33,2006-12-08,1407.47,13430910000.0
309,2006-12-15,1418.19,13539610000.0
620,2006-12-22,1421.04505,11642830000.0
617,2006-12-29,1419.085,6164450000.0
78,2007-01-05,1417.585,9353020000.0
869,2007-01-12,1417.6,14110730000.0
874,2007-01-19,1429.74,10889710000.0
589,2007-01-26,1428.8249500000002,13919320000.0
549,2007-02-02,1433.895,13897760000.0
552,2007-02-09,1443.21495,13434950000.0
146,2007-02-16,1444.70495,12637490000.0
136,2007-02-23,1454.96495,9475560000.0
360,2007-03-02,1418.9099999999999,17999820000.0
176,2007-03-09,1392.06,15617930000.0
82,2007-03-16,1386.6599999999999,16123460000.0
892,2007-03-23,1412.92,14506880000.0
820,2007-03-30,1423.275,14186810000.0
798,2007-04-05,1430.625,10771190000.0
405,2007-04-13,1443.51,13270300000.0
548,2007-04-20,1468.79,15005590000.0
464,2007-04-27,1485.88,14891970000.0
858,2007-05-04,1493.52,15453470000.0
577,2007-05-11,1502.6100000000001,14028380000.0
587,2007-05-18,1510.545,14590190000.0
408,2007-05-25,1518.8051,15091900000.0
957,2007-06-01,1525.3101,11814550000.0
192,2007-06-08,1513.97,15174500000.0
110,2007-06-15,1515.68,14879070000.0
379,2007-06-22,1519.02995,16086160000.0
371,2007-06-29,1500.8550500000001,16256050000.0
433,2007-07-06,1518.5300000000002,9274250000.0
25,2007-07-13,1530.6,15333250000.0
10,2007-07-20,1542.5500000000002,16317700000.0
8,2007-07-27,1503.0900000000001,20758930000.0
813,2007-08-03,1460.55,22551040000.0
119,2007-08-10,1465.64,26711530000.0
124,2007-08-17,1418.445,21881180000.0
132,2007-08-24,1454.97,15268400000.0
538,2007-08-31,1456.74,13622910000.0
141,2007-09-07,1472.73495,11408870000.0
836,2007-09-14,1464.435,14255590000.0
551,2007-09-21,1505.27995,16791240000.0
547,2007-09-28,1520.435,15354000000.0
422,2007-10-05,1544.58,15058680000.0
96,2007-10-12,1561.405,14717400000.0
100,2007-10-19,1532.5,17376100000.0
958,2007-10-26,1512.54505,18580330000.0
616,2007-11-02,1522.645,18817530000.0
621,2007-11-09,1484.6399999999999,22078420000.0
901,2007-11-16,1465.335,20475180000.0
211,2007-11-23,1436.17,14683750000.0
476,2007-11-30,1447.5199499999999,20482140000.0
356,2007-12-07,1485.645,17076810000.0
475,2007-12-14,1495.67495,18510280000.0
768,2007-12-21,1460.525,18729500000.0
765,2007-12-28,1485.275,8064200000.0
193,2008-01-04,1443.5099500000001,13489030000.0
459,2008-01-11,1404.49,23944010000.0
456,2008-01-18,1365.2,25032320000.0
776,2008-01-25,1319.30505,20403920000.0
71,2008-02-01,1359.1399999999999,22697710000.0
642,2008-02-08,1356.065,20177290000.0
385,2008-02-15,1344.77495,18722260000.0
234,2008-02-22,1347.4899500000001,14753390000.0
236,2008-02-29,1356.88,20232420000.0
862,2008-03-07,1313.31,22041330000.0
172,2008-03-14,1302.96,24011740000.0
681,2008-03-20,1299.245,22522410000.0
434,2008-03-28,1336.3150500000002,20424700000.0
202,2008-04-04,1346.86005,20877750000.0
887,2008-04-11,1358.975,18316890000.0
479,2008-04-18,1360.125,19342880000.0
609,2008-04-25,1384.475,19698890000.0
677,2008-05-02,1402.8949499999999,20333020000.0
435,2008-05-09,1402.83995,18756220000.0
703,2008-05-16,1406.0099500000001,19047660000.0
865,2008-05-23,1406.98,19528620000.0
169,2008-05-30,1389.6949,15256170000.0
730,2008-06-06,1381.975,21571790000.0
469,2008-06-13,1350.96,22634280000.0
317,2008-06-20,1340.525,22219040000.0
315,2008-06-27,1303.815,25156600000.0
142,2008-07-03,1272.0900000000001,19402300000.0
414,2008-07-11,1251.355,29063160000.0
409,2008-07-18,1231.375,32555620000.0
674,2008-07-25,1270.0,28317240000.0
447,2008-08-01,1259.65005,25359450000.0
442,2008-08-08,1272.65,20941200000.0
60,2008-08-15,1294.005,22672020000.0
867,2008-08-22,1280.69,20317740000.0
350,2008-08-29,1281.94505,17650180000.0
158,2008-09-05,1260.135,20070120000.0
426,2008-09-12,1242.98,34417920000.0
429,2008-09-19,1199.31,46641070000.0
570,2008-09-26,1217.58,26635470000.0
899,2008-10-03,1153.60495,31026630000.0
732,2008-10-10,968.6800499999999,42016790000.0
733,2008-10-17,955.07005,36533970000.0
40,2008-10-24,919.145,30185400000.0
322,2008-10-31,914.825,32302980000.0
267,2008-11-07,953.62,26484080000.0
953,2008-11-14,885.32,29064670000.0
937,2008-11-21,811.655,36745200000.0
800,2008-11-28,848.725,23366260000.0
706,2008-12-05,852.1500000000001,30469750000.0
395,2008-12-12,884.96,29662270000.0
55,2008-12-19,888.2850000000001,29279860000.0
229,2008-12-26,872.23,12348420000.0
495,2009-01-02,895.9000000000001,15172440000.0
492,2009-01-09,916.0799999999999,25219520000.0
233,2009-01-16,853.72,30293780000.0
75,2009-01-23,826.97,24519050000.0
761,2009-01-30,849.765,28010020000.0
27,2009-02-06,841.81,31088160000.0
311,2009-02-13,841.535,30044110000.0
817,2009-02-20,786.4300000000001,25606060000.0
460,2009-02-27,757.3199999999999,37753880000.0
531,2009-03-06,698.1800000000001,37964220000.0
935,2009-03-13,715.585,37297180000.0
659,2009-03-20,776.585,39816380000.0
655,2009-03-27,802.645,34764100000.0
803,2009-04-03,812.71,31434350000.0
797,2009-04-09,835.72,24904750000.0
637,2009-04-17,855.605,34196510000.0
380,2009-04-24,849.315,35415850000.0
590,2009-05-01,867.9100000000001,30217790000.0
498,2009-05-08,904.69,39760120000.0
335,2009-05-15,900.965,31688760000.0
177,2009-05-22,902.105,31698640000.0
173,2009-05-29,900.74,23155250000.0
318,2009-06-05,937.475,28312350000.0
573,2009-06-12,941.335,24331760000.0
601,2009-06-19,923.115,25570130000.0
734,2009-06-26,905.4300000000001,25599580000.0
919,2009-07-02,914.17,16689730000.0
338,2009-07-10,884.02,23366910000.0
337,2009-07-17,909.6400000000001,23927320000.0
54,2009-07-24,960.39,25016500000.0
688,2009-07-31,982.665,26474660000.0
719,2009-08-07,1004.11,32139730000.0
389,2009-08-14,1002.77,26868820000.0
647,2009-08-21,1003.05,23323250000.0
649,2009-08-28,1027.835,28722910000.0
895,2009-09-04,1010.21,26431300000.0
614,2009-09-11,1033.42505,20551690000.0
610,2009-09-18,1054.885,30234840000.0
470,2009-09-25,1060.66,25406510000.0
626,2009-10-02,1044.7849999999999,26050400000.0
629,2009-10-09,1048.7150000000001,22333550000.0
370,2009-10-16,1081.6350499999999,23701850000.0
99,2009-10-23,1087.83505,25592330000.0
779,2009-10-30,1062.565,30408570000.0
423,2009-11-06,1050.43,26451130000.0
689,2009-11-13,1088.8400499999998,21094360000.0
150,2009-11-20,1100.25,20612520000.0
850,2009-11-27,1098.06,12928000000.0
890,2009-12-04,1102.69,22677340000.0
611,2009-12-11,1098.305,20754380000.0
237,2009-12-18,1105.045,28364370000.0
466,2009-12-24,1115.89505,12053050000.0
204,2009-12-31,1122.59505,9561710000.0
602,2010-01-08,1130.97505,21115350000.0
353,2010-01-15,1140.9,21816230000.0
72,2010-01-22,1120.3150500000002,22618330000.0
69,2010-01-29,1087.63995,25397670000.0
397,2010-02-05,1074.615,25411190000.0
650,2010-02-12,1068.275,22017080000.0
656,2010-02-19,1095.775,16162900000.0
934,2010-02-26,1099.155,20970170000.0
179,2010-03-05,1122.37,20011650000.0
881,2010-03-12,1144.1550000000002,24026590000.0
885,2010-03-19,1155.645,22944000000.0
727,2010-03-26,1166.7849500000002,23756390000.0
474,2010-04-01,1173.60005,16951790000.0
478,2010-04-09,1184.8899999999999,22307770000.0
735,2010-04-16,1200.345,29874510000.0
900,2010-04-23,1200.4800500000001,29000480000.0
207,2010-04-30,1200.71,31552280000.0
864,2010-05-07,1135.46,38419430000.0
643,2010-05-14,1147.91995,28958750000.0
331,2010-05-21,1102.2800000000002,32640260000.0
328,2010-05-28,1072.15,27644340000.0
180,2010-06-04,1083.085,21474390000.0
452,2010-06-11,1067.21,26847570000.0
455,2010-06-18,1105.02,23186040000.0
710,2010-06-25,1099.56,23498560000.0
930,2010-07-02,1046.7549999999999,25504460000.0
740,2010-07-09,1048.255,17677490000.0
89,2010-07-16,1081.38995,22438320000.0
502,2010-07-23,1080.305,22901430000.0
249,2010-07-30,1104.48,21356600000.0
501,2010-08-06,1117.96,19817300000.0
773,2010-08-13,1102.96495,20320520000.0
572,2010-08-20,1082.025,18887030000.0
913,2010-08-27,1060.6399999999999,19756640000.0
736,2010-09-03,1072.99,18592350000.0
473,2010-09-10,1101.015,12780950000.0
471,2010-09-17,1122.4250000000002,19862160000.0
209,2010-09-24,1135.845,19422610000.0
68,2010-10-01,1144.625,20187050000.0
348,2010-10-08,1149.8,19528080000.0
62,2010-10-15,1170.045,22245800000.0
325,2010-10-22,1174.57005,22881410000.0
461,2010-10-29,1183.92,20582070000.0
270,2010-11-05,1202.365,23993790000.0
925,2010-11-12,1210.46,21491310000.0
790,2010-11-19,1190.21505,20887180000.0
104,2010-11-26,1187.92495,12820640000.0
63,2010-12-03,1199.60495,21212840000.0
752,2010-12-10,1229.95,24175410000.0
754,2010-12-17,1239.79,22270220000.0
493,2010-12-23,1250.45,10828420000.0
226,2010-12-31,1257.04,10455790000.0
155,2011-01-07,1267.895,23655220000.0
485,2011-01-14,1277.7100500000001,21286570000.0
746,2011-01-21,1283.66005,19899340000.0
742,2011-01-28,1288.885,23156650000.0
729,2011-02-04,1293.75,21726860000.0
465,2011-02-11,1321.2649999999999,20109950000.0
468,2011-02-18,1334.33995,12589110000.0
196,2011-02-25,1316.585,7712050000.0
500,2011-03-04,1317.4299999999998,12022480000.0
766,2011-03-11,1309.8350500000001,20669090000.0
762,2011-03-18,1275.11995,23905220000.0
928,2011-03-25,1300.41505,20090110000.0
680,2011-04-01,1321.5549999999998,18297330000.0
684,2011-04-08,1331.1999500000002,19888170000.0
417,2011-04-15,1318.095,19701690000.0
271,2011-04-21,1316.095,15933560000.0
274,2011-04-29,1348.01505,17617650000.0
818,2011-05-06,1349.875,20363720000.0
129,2011-05-13,1345.73495,19539110000.0
432,2011-05-20,1332.6649499999999,19514380000.0
394,2011-05-27,1323.21,17595530000.0
683,2011-06-03,1321.5500000000002,16204530000.0
418,2011-06-10,1284.27,18551800000.0
421,2011-06-17,1275.28495,20466010000.0
592,2011-06-24,1280.7399999999998,19888020000.0
219,2011-07-01,1304.27,19505540000.0
215,2011-07-08,1343.7,14950400000.0
483,2011-07-15,1324.91005,20768430000.0
564,2011-07-22,1321.46,20550440000.0
569,2011-07-29,1313.58995,21035970000.0
596,2011-08-05,1237.7350000000001,26341740000.0
341,2011-08-12,1150.01,19325310000.0
346,2011-08-19,1165.26,22135160000.0
250,2011-08-26,1155.8850499999999,26548480000.0
873,2011-09-02,1200.6350499999999,23250630000.0
312,2011-09-09,1172.265,18596560000.0
181,2011-09-16,1178.065,24565280000.0
451,2011-09-23,1167.305,25641420000.0
713,2011-09-30,1163.46495,24801410000.0
772,2011-10-07,1123.085,22574340000.0
87,2011-10-14,1191.38,22779620000.0
186,2011-10-21,1215.255,23838320000.0
191,2011-10-28,1256.86005,24561180000.0
306,2011-11-04,1250.19,22746070000.0
24,2011-11-11,1252.095,19370910000.0
19,2011-11-18,1236.84005,19328050000.0
651,2011-11-25,1187.1399999999999,13424920000.0
794,2011-12-02,1209.375,21678300000.0
424,2011-12-09,1249.26505,20171810000.0
690,2011-12-16,1232.26,21176570000.0
0,2011-12-23,1233.895,16400510000.0
278,2011-12-30,1259.005,9030550000.0
352,2012-01-06,1271.7399999999998,15509070000.0
74,2012-01-13,1285.6849499999998,19273940000.0
880,2012-01-20,1302.855,16485160000.0
882,2012-01-27,1319.76505,20404830000.0
902,2012-02-03,1322.915,21128390000.0
216,2012-02-10,1345.11995,19306360000.0
218,2012-02-17,1352.1,19414420000.0
310,2012-02-24,1360.6,14720720000.0
175,2012-03-02,1366.48,18913110000.0
178,2012-03-09,1357.395,18383450000.0
859,2012-03-16,1386.2849500000002,21406220000.0
580,2012-03-23,1400.435,18414980000.0
329,2012-03-30,1405.3550500000001,18492280000.0
517,2012-04-05,1407.65,14636130000.0
791,2012-04-13,1377.415,19093190000.0
103,2012-04-20,1379.0700000000002,18507460000.0
105,2012-04-27,1382.7150000000001,18950920000.0
344,2012-05-04,1391.63995,19165870000.0
65,2012-05-11,1358.52,19706660000.0
58,2012-05-18,1321.95505,21259330000.0
875,2012-05-25,1312.1100000000001,18829090000.0
819,2012-06-01,1306.09005,16202900000.0
815,2012-06-08,1297.895,19438880000.0
126,2012-06-15,1324.96995,18576250000.0
287,2012-06-22,1343.935,20136440000.0
291,2012-06-29,1335.72,18761520000.0
67,2012-07-06,1361.42005,11204700000.0
751,2012-07-13,1343.475,16669120000.0
494,2012-07-20,1362.72995,18040410000.0
491,2012-07-27,1359.21495,20155950000.0
785,2012-08-03,1374.4050000000002,19419460000.0
94,2012-08-10,1399.0900000000001,15913920000.0
95,2012-08-17,1408.01495,14123730000.0
368,2012-08-24,1412.36005,14718990000.0
627,2012-08-31,1406.5900000000001,13141340000.0
571,2012-09-07,1417.2400499999999,14259910000.0
316,2012-09-14,1451.745,20023040000.0
159,2012-09-21,1458.52495,18527570000.0
154,2012-09-28,1446.885,16973760000.0
546,2012-10-05,1454.9850000000001,17147310000.0
295,2012-10-12,1443.2300500000001,15577390000.0
297,2012-10-19,1445.63,18463100000.0
16,2012-10-26,1419.37,16987410000.0
336,2012-11-02,1420.1100000000001,11239480000.0
333,2012-11-09,1403.205,18011370000.0
593,2012-11-16,1366.08005,18107380000.0
687,2012-11-23,1384.52,10754010000.0
17,2012-11-30,1402.5650500000002,16954180000.0
731,2012-12-07,1410.98,16930770000.0
467,2012-12-14,1425.2350000000001,16918840000.0
314,2012-12-21,1430.77,20543390000.0
320,2012-12-28,1415.865,8790850000.0
503,2013-01-04,1433.02495,14660950000.0
225,2013-01-11,1462.1950000000002,18003450000.0
324,2013-01-18,1474.87,17024890000.0
375,2013-01-25,1492.21,14298680000.0
425,2013-02-01,1505.37,18901190000.0
431,2013-02-08,1506.66505,17220660000.0
160,2013-02-15,1519.14995,17082600000.0
3,2013-02-22,1514.1149500000001,15683400000.0
605,2013-03-01,1505.425,19146110000.0
600,2013-03-08,1532.385,17988980000.0
886,2013-03-15,1555.4899999999998,18074930000.0
194,2013-03-22,1550.065,16501510000.0
199,2013-03-28,1558.25,12266080000.0
262,2013-04-05,1556.58,16991960000.0
950,2013-04-12,1572.99,16193490000.0
954,2013-04-19,1562.435,20025810000.0
672,2013-04-26,1570.41495,17250470000.0
23,2013-05-03,1599.87,17137450000.0
304,2013-05-10,1624.6100000000001,16470390000.0
307,2013-05-17,1647.105,16979670000.0
439,2013-05-24,1661.3550500000001,17853250000.0
653,2013-05-31,1652.475,14642760000.0
436,2013-06-07,1622.38,18157630000.0
170,2013-06-14,1628.3799,15935010000.0
7,2013-06-21,1615.94495,20459250000.0
13,2013-06-28,1590.19995,20394900000.0
633,2013-07-05,1618.3199,11022010000.0
908,2013-07-12,1657.19495,16166370000.0
903,2013-07-19,1682.48,15613300000.0
222,2013-07-26,1687.405,15296700000.0
381,2013-08-02,1695.7649999999999,16920240000.0
382,2013-08-09,1697.075,14910070000.0
109,2013-08-16,1674.71005,15334290000.0
801,2013-08-23,1652.14005,13950930000.0
522,2013-08-30,1648.49,13695720000.0
947,2013-09-06,1649.12,13124750000.0
266,2013-09-13,1673.4099999999999,15772830000.0
413,2013-09-20,1710.78,18657960000.0
412,2013-09-27,1699.27495,15310240000.0
230,2013-10-04,1683.455,15855840000.0
497,2013-10-11,1674.95495,16132530000.0
675,2013-10-18,1718.72005,16512980000.0
758,2013-10-25,1750.15995,17464350000.0
29,2013-11-01,1763.96,17676620000.0
34,2013-11-08,1760.37,18014020000.0
725,2013-11-15,1779.43,15476450000.0
565,2013-11-22,1791.0349999999999,15813880000.0
568,2013-11-29,1807.065,10637550000.0
508,2013-12-06,1794.5549999999998,16668560000.0
784,2013-12-13,1791.9,16086600000.0
943,2013-12-20,1795.87,19402600000.0
942,2013-12-27,1833.9050000000002,8194360000.0
622,2014-01-03,1838.58995,10461570000.0
365,2014-01-10,1833.48,17375600000.0
366,2014-01-17,1833.1799999999998,17839850000.0
30,2014-01-24,1819.8000499999998,15747340000.0
721,2014-01-31,1784.6100000000001,19054250000.0
755,2014-02-07,1767.975,20380140000.0
64,2014-02-14,1816.74,16742180000.0
342,2014-02-21,1836.04,13891540000.0
347,2014-02-28,1852.35,18711730000.0
618,2014-03-07,1859.0049,17512170000.0
364,2014-03-14,1860.95995,16641060000.0
214,2014-03-21,1863.39005,17678140000.0
217,2014-03-28,1859.0149999999999,16779360000.0
448,2014-04-04,1878.22,16381500000.0
708,2014-04-11,1843.445,18333880000.0
709,2014-04-17,1842.7150000000001,13344490000.0
870,2014-04-25,1872.295,15348510000.0
662,2014-05-02,1870.9699999999998,18038030000.0
212,2014-05-09,1874.42995,16112380000.0
399,2014-05-16,1882.2649999999999,15469770000.0
131,2014-05-23,1884.7,13605170000.0
829,2014-05-30,1913.02,11860010000.0
93,2014-06-06,1932.70995,14147690000.0
416,2014-06-13,1940.665,13863870000.0
685,2014-06-20,1947.41,16251000000.0
682,2014-06-27,1956.4299500000002,15983470000.0
851,2014-07-03,1971.905,11075160000.0
567,2014-07-11,1968.54,14692810000.0
562,2014-07-18,1969.76495,15952350000.0
427,2014-07-25,1978.58,14213850000.0
826,2014-08-01,1950.61,17417530000.0
831,2014-08-08,1923.85,16207390000.0
763,2014-08-15,1946.165,13747450000.0
292,2014-08-22,1976.56,12814930000.0
286,2014-08-29,1997.78,11571710000.0
260,2014-09-05,2000.635,11520670000.0
940,2014-09-12,1993.7150000000001,14732610000.0
946,2014-09-19,1998.87,17261820000.0
663,2014-09-26,1987.5349999999999,16145360000.0
691,2014-10-03,1955.6,18807610000.0
4,2014-10-10,1941.945,20382540000.0
6,2014-10-17,1866.375,24810660000.0
814,2014-10-24,1923.7849999999999,17947860000.0
534,2014-10-31,1984.77995,18810910000.0
486,2014-11-07,2017.635,18652340000.0
812,2014-11-14,2038.17505,16172310000.0
118,2014-11-21,2052.96,17004640000.0
114,2014-11-28,2070.255,11770900000.0
101,2014-12-05,2064.52005,18286300000.0
788,2014-12-12,2039.055,19961180000.0
793,2014-12-19,2025.2051000000001,25431950000.0
512,2014-12-26,2080.99,9565680000.0
441,2015-01-02,2069.795,10207410000.0
446,2015-01-09,2028.4349000000002,19362860000.0
707,2015-01-16,2022.52495,20275570000.0
848,2015-01-23,2034.55505,15424020000.0
288,2015-01-30,2023.4001,19558890000.0
166,2015-02-06,2026.64995,20821110000.0
854,2015-02-13,2069.455,18132050000.0
579,2015-02-20,2098.0249999999996,13260470000.0
576,2015-02-27,2111.2950499999997,16561930000.0
728,2015-03-06,2092.395,17049500000.0
38,2015-03-13,2061.58995,17328980000.0
201,2015-03-20,2084.635,19504990000.0
200,2015-03-27,2080.18005,16498140000.0
457,2015-04-02,2068.6749499999996,12933470000.0
185,2015-04-10,2079.56505,15962370000.0
187,2015-04-17,2092.1400000000003,17285170000.0
527,2015-04-24,2102.515,16604500000.0
718,2015-05-01,2101.755,18949060000.0
712,2015-05-08,2094.43995,17753820000.0
21,2015-05-15,2104.73,15824270000.0
301,2015-05-22,2127.365,14852420000.0
308,2015-05-29,2112.69995,13377830000.0
188,2015-06-05,2103.7949,15604780000.0
879,2015-06-12,2093.5799500000003,15214050000.0
877,2015-06-19,2099.56995,17173880000.0
599,2015-06-26,2112.625,17463770000.0
918,2015-07-02,2077.475,14481300000.0
232,2015-07-10,2063.88,18065680000.0
235,2015-07-17,2104.46995,15950490000.0
384,2015-07-24,2104.9551,17926480000.0
645,2015-07-31,2088.88,19254140000.0
528,2015-08-07,2090.2849,18841050000.0
272,2015-08-14,2078.7201,17509360000.0
113,2015-08-21,2037.1799999999998,18271310000.0
117,2015-08-28,1930.245,26089970000.0
657,2015-09-04,1944.89995,18717360000.0
939,2015-09-11,1957.9650000000001,14045680000.0
938,2015-09-18,1984.565,20075770000.0
255,2015-09-25,1944.2800000000002,18081540000.0
22,2015-10-02,1911.635,21346290000.0
20,2015-10-09,1987.23,20849400000.0
844,2015-10-16,2012.135,17281480000.0
392,2015-10-23,2048.48,18785920000.0
654,2015-10-30,2076.5801,20565930000.0
264,2015-11-06,2098.62,20531860000.0
951,2015-11-13,2059.29005,19691320000.0
670,2015-11-20,2058.22505,19652690000.0
671,2015-11-27,2082.95005,11792690000.0
632,2015-12-04,2073.31,20459190000.0
277,2015-12-11,2049.60995,20618850000.0
603,2015-12-18,2034.9899999999998,24611890000.0
224,2015-12-24,2036.6451,12177090000.0
490,2015-12-31,2062.59005,10057270000.0
463,2016-01-08,1978.33,22089690000.0
206,2016-01-15,1904.08,25291150000.0
42,2016-01-22,1860.57,21324990000.0
36,2016-01-29,1906.47,23703940000.0
1,2016-02-05,1909.7150000000001,24081930000.0
279,2016-02-12,1845.85,25488570000.0
281,2016-02-19,1901.06,18161550000.0
625,2016-02-26,1926.98,20729330000.0
221,2016-03-04,1970.47005,25206170000.0
904,2016-03-11,1995.81,22103360000.0
909,2016-03-18,2028.79505,22138770000.0
630,2016-03-24,2039.5450500000002,13842290000.0
767,2016-04-01,2051.6901,17687000000.0
760,2016-04-08,2053.91,18552210000.0
79,2016-04-15,2063.79005,19466730000.0
355,2016-04-22,2092.34995,19364460000.0
361,2016-04-29,2076.0849500000004,19991600000.0
554,2016-05-06,2061.43495,19877940000.0
300,2016-05-13,2064.00005,18573070000.0
140,2016-05-20,2048.89495,19066060000.0
143,2016-05-27,2073.16005,16852120000.0
283,2016-06-03,2095.18005,15300080000.0
539,2016-06-10,2105.255,17344140000.0
542,2016-06-17,2074.2451,19277430000.0
704,2016-06-24,2072.9449999999997,20763870000.0
561,2016-07-01,2050.1950500000003,22140480000.0
504,2016-07-08,2102.865,14779810000.0
305,2016-07-15,2150.385,17441690000.0
168,2016-07-22,2167.31995,15651690000.0
619,2016-07-29,2168.0801,18198170000.0
90,2016-08-05,2165.2251,18513540000.0
242,2016-08-12,2180.225,16340620000.0
363,2016-08-19,2181.1550500000003,16049210000.0
872,2016-08-26,2176.9049,15278970000.0
860,2016-09-02,2170.9800999999998,15911210000.0
868,2016-09-09,2157.8401000000003,14728870000.0
585,2016-09-16,2141.21005,20204330000.0
443,2016-09-23,2157.94995,16885840000.0
174,2016-09-30,2158.425,18967960000.0
598,2016-10-07,2154.93505,17876430000.0
343,2016-10-14,2142.16005,16140520000.0
66,2016-10-21,2136.4349,16149080000.0
61,2016-10-28,2137.07505,19108200000.0
391,2016-11-04,2108.52,20427740000.0
652,2016-11-11,2141.4450500000003,25356830000.0
658,2016-11-18,2172.985,21123210000.0
816,2016-11-25,2199.8900000000003,12568190000.0
321,2016-12-02,2200.77,21589430000.0
855,2016-12-09,2229.885,20337430000.0
581,2016-12-16,2262.98495,22387610000.0
440,2016-12-23,2264.3201,14296250000.0
673,2016-12-30,2253.7201,9386710000.0
162,2017-01-06,2263.615,14637130000.0
430,2017-01-13,2266.76,17020210000.0
582,2017-01-20,2267.68495,13591180000.0
575,2017-01-27,2279.005,17555940000.0
613,2017-02-03,2282.76005,19001010000.0
358,2017-02-10,2302.3049499999997,17320440000.0
203,2017-02-17,2336.365,17831660000.0
208,2017-02-24,2360.56505,14895280000.0
835,2017-03-03,2379.9700000000003,19514510000.0
134,2017-03-10,2366.67,17712480000.0
135,2017-03-17,2374.09495,18757070000.0
403,2017-03-24,2358.83495,17128980000.0
665,2017-03-31,2346.33495,16227480000.0
171,2017-04-07,2361.5450499999997,16648230000.0
856,2017-04-13,2347.66005,12243670000.0
584,2017-04-21,2346.94005,16765230000.0
586,2017-04-28,2383.6749,19608540000.0
404,2017-05-05,2389.52,18809590000.0
667,2017-05-12,2392.80505,17759610000.0
661,2017-05-19,2379.245,19201970000.0
832,2017-05-26,2402.81495,16116730000.0
695,2017-06-02,2421.91005,15038090000.0
702,2017-06-09,2430.95,17598940000.0
437,2017-06-16,2431.1400000000003,19496610000.0
724,2017-06-23,2442.28005,19022570000.0
11,2017-06-30,2428.05995,17565550000.0
111,2017-07-07,2423.43495,11595360000.0
383,2017-07-14,2438.165,15081810000.0
640,2017-07-21,2463.9800999999998,15057410000.0
644,2017-07-28,2471.98495,17965610000.0
410,2017-08-04,2473.4299499999997,17288810000.0
144,2017-08-11,2464.31005,16365480000.0
138,2017-08-18,2447.8099,15247600000.0
837,2017-08-25,2436.06005,13786300000.0
121,2017-09-01,2454.28995,14107780000.0
127,2017-09-08,2459.26,13521090000.0
393,2017-09-15,2487.375,18158360000.0
536,2017-09-22,2502.6950500000003,15770230000.0
532,2017-09-29,2503.73495,16177570000.0
694,2017-10-06,2536.4549500000003,15215390000.0
700,2017-10-13,2549.625,14721510000.0
14,2017-10-20,2561.6799,15178860000.0
73,2017-10-27,2563.49,18269710000.0
239,2017-11-03,2577.2949,18915260000.0
921,2017-11-10,2581.67505,18566610000.0
923,2017-11-17,2573.77005,17216450000.0
764,2017-11-24,2591.225,10448990000.0
726,2017-12-01,2628.30505,19454370000.0
722,2017-12-08,2644.9699499999997,17189740000.0
35,2017-12-15,2665.5499499999996,19343950000.0
195,2017-12-22,2685.5400499999996,16007500000.0
198,2017-12-29,2682.8651,8767680000.0
145,2018-01-05,2712.90505,13837790000.0
839,2018-01-12,2761.9551,17487770000.0
845,2018-01-19,2789.485,15424920000.0
557,2018-01-26,2840.4951,18283880000.0
521,2018-02-02,2815.2950499999997,20065340000.0
524,2018-02-09,2648.0398999999998,26787200000.0
792,2018-02-16,2688.43495,18854770000.0
108,2018-02-23,2722.7650000000003,14297470000.0
330,2018-03-02,2718.2349999999997,19786810000.0
327,2018-03-09,2731.16005,17051190000.0
48,2018-03-16,2771.68495,18750700000.0
861,2018-03-23,2663.6349,17513550000.0
866,2018-03-29,2633.92005,14647940000.0
107,2018-04-06,2612.94005,16820340000.0
378,2018-04-13,2645.525,15609880000.0
520,2018-04-20,2689.05005,16375430000.0
519,2018-04-27,2648.10995,17108410000.0
830,2018-05-04,2638.7451,18483840000.0
544,2018-05-11,2694.03005,17060780000.0
540,2018-05-18,2722.005,16310100000.0
294,2018-05-25,2724.80995,15963780000.0
15,2018-05-30,2703.0751,5761633635.0
